source_id,question_count,start_seconds,http_seconds,pacing_wait_seconds,status
2637,5,3.8280853749020025,0.41747420909814537,0.00024616695009171963,200
1299,5,3.884744166978635,0.36589912499766797,0.05686450004577637,200
5448,5,3.9413712919922546,0.3856929999310523,0.11345891689416021,200
420,5,3.997981208958663,0.41141112498007715,0.17003666702657938,200
5347,5,4.054590874933638,0.4185877919662744,0.22661754197906703,200
2792,5,4.2813481669873,0.20016916701570153,0.03486729192081839,200
1322,5,4.337499416898936,0.17270575009752065,0.08633475005626678,200
3749,5,4.111264916951768,0.40921729197725654,0.28326270810794085,200
3037,5,4.167981916922145,0.41691745806019753,0.33994779095519334,200
3089,5,4.394145166967064,0.20363854197785258,0.06660033308435231,200
5548,5,4.224727666936815,0.4025962919695303,0.3966656669508666,200
917,5,4.45055208390113,0.18580225005280226,0.04061099991668016,200
4818,5,4.507217834005132,0.17659774993080646,0.03330495802219957,200
3195,5,4.626136083970778,0.1890694999601692,0.11543087498284876,200
5187,5,4.563549541984685,0.2774137919768691,0.08042595791630447,200
1047,5,4.682765624951571,0.1813786249840632,0.16151054203510284,200
818,5,4.739372166921385,0.20491625007707626,0.153201499953866,200
1845,5,4.795332208974287,0.2071121250046417,0.19644675008021295,200
387,5,4.908552833949216,0.18064516596496105,0.27172970795072615,200
2895,5,4.965216958895326,0.1854542080545798,0.28075862501282245,200
1541,5,5.021914874901995,0.1943789169890806,0.2063008330296725,200
5318,5,5.078062874963507,0.1899026669561863,0.23617375001776963,200
1610,5,4.8519870839081705,0.5412857080809772,0.22413645894266665,200
2002,5,5.191588333924301,0.20447316602803767,0.24629804189316928,200
5343,5,5.248300749924965,0.18629554205108434,0.24464758404064924,200
5546,5,5.304650833946653,0.18578112497925758,0.21408454200718552,200
4353,5,5.361626083962619,0.20370004093274474,0.20930229197256267,200
2472,5,5.134871499962173,0.45020491699688137,0.269718625000678,200
2377,5,5.418332458939403,0.20947087497916073,0.20060304191429168,200
4882,5,5.47413966699969,0.20084870792925358,0.20466983399819583,200
1904,5,5.530952208908275,0.23009829106740654,0.13594037503935397,200
4794,5,5.5866458339150995,0.18220308306626976,0.18929733301047236,200
4433,5,5.6999335419386625,0.15764616697560996,0.20787279109936208,200
4328,5,5.6433590420056134,0.27295987494289875,0.20734929095488042,200
540,5,5.755830999929458,0.16711208398919553,0.18955145799554884,200
4878,5,5.81256241700612,0.21713233296759427,0.22643970896024257,200
1702,5,5.869224666967057,0.16542862495407462,0.23991075006779283,200
1082,5,5.9249672499718145,0.22861337498761714,0.24896912497933954,200
1339,5,6.0938420000020415,0.16055491694714874,0.235350291011855,200
2081,5,5.9817197090014815,0.28692129091359675,0.2190800829557702,200
960,5,6.150543625000864,0.1534197919536382,0.23339016595855355,200
5268,5,6.037619624985382,0.2736632499145344,0.2679762908956036,200
2232,5,6.263814499950968,0.1726711669471115,0.23284920793958008,200
3270,5,6.207249458995648,0.24650120793376118,0.28343583398964256,200
3638,5,6.320305208908394,0.2011187500320375,0.2847303330199793,200
2228,5,6.377043958986178,0.20391416596248746,0.2223263750784099,200
501,5,6.4351615000050515,0.17507683392614126,0.1793359579751268,200
2342,5,6.4908112089615315,0.15917391597758979,0.22130641690455377,200
4481,5,6.54754454200156,0.19062487490009516,0.24261533399112523,200
4802,5,6.603654874954373,0.19694212498143315,0.29154045903123915,200
2056,5,6.662749458919279,0.1635495830560103,0.2249902499606833,200
1388,5,6.71845108398702,0.1794918749947101,0.264104959089309,200
312,5,6.7748993339482695,0.22280612494796515,0.25245904200710356,200
5511,5,6.88747674995102,0.13710849999915808,0.27566508296877146,200
4906,5,6.830976583994925,0.2003812079783529,0.24896416603587568,200
4717,5,6.94428266689647,0.1882707920158282,0.2931750420248136,200
1417,5,7.000081249978393,0.17371483391616493,0.26082820899318904,200
135,5,7.056797166937031,0.1673890829551965,0.2528944159857929,200
1155,5,7.113219124963507,0.202225083950907,0.28611645894125104,200
488,5,7.169934999896213,0.19815112510696054,0.27119825000409037,200
230,5,7.225843416992575,0.18004187499172986,0.22737433295696974,200
1391,5,7.282606083899736,0.15389729104936123,0.25641058292239904,200
483,5,7.395330499974079,0.18195487500634044,0.26202116697095335,200
255,5,7.451969541958533,0.229527874966152,0.2770077500026673,200
3609,5,7.508666833979078,0.19312862493097782,0.2829340409953147,200
947,5,7.565110583906062,0.15686641598585993,0.24812308396212757,200
4432,5,7.338576749898493,0.522906459053047,0.3065207079052925,200
5477,5,7.621549249975942,0.26081441692076623,0.25185358396265656,200
5519,5,7.734313124907203,0.20012187503743917,0.2966584999812767,200
2552,5,7.791081417002715,0.18598987499717623,0.21288683300372213,200
2743,5,7.677599208895117,0.3726882910123095,0.2706706669414416,200
2086,5,7.90457637491636,0.15096837503369898,0.2010040000313893,200
3900,5,7.8478344168979675,0.2100354580907151,0.16518699994776398,200
1000,5,7.960563499946147,0.23362108401488513,0.2371300410013646,200
3791,5,8.017646708991379,0.2050651659956202,0.1542057499755174,200
2685,5,8.074699999997392,0.1921193749876693,0.19078591698780656,200
3912,5,8.1314170419937,0.25784450001083314,0.19620162504725158,200
329,5,8.188191541936249,0.23752162500750273,0.21011012501548976,200
2084,5,8.24488954199478,0.2254204999189824,0.1936337089864537,200
3777,5,8.30153758393135,0.1950514999916777,0.2447933329967782,200
3954,5,8.35817637492437,0.1807928750058636,0.2994029999244958,200
3510,5,8.414928291924298,0.15848454204387963,0.21938579191919416,200
319,5,8.47235199995339,0.24930133402813226,0.2479935419978574,200
3138,5,8.58478249993641,0.18269233405590057,0.19485458394046873,200
1739,5,8.52812020899728,0.24743954092264175,0.26076129102148116,200
19,5,8.697954458999448,0.19121716590598226,0.2258255829801783,200
1773,5,8.641194916912355,0.2975995830493048,0.2147777919890359,200
3661,5,8.754580333945341,0.18638524995185435,0.25668712507467717,200
3140,5,8.811288333963603,0.16380829096306115,0.27115604106802493,200
5549,5,8.867998000001535,0.19993095891550183,0.2938339579850435,200
3200,5,8.92442504200153,0.15016804193146527,0.2011519590159878,200
3170,5,8.980582874966785,0.18135429196991026,0.211687000002712,200
4518,5,9.036880875006318,0.2010990419657901,0.2604404999874532,200
4394,5,9.093583041918464,0.19922870805021375,0.20303216599859297,200
5483,5,9.15009495895356,0.18054870795458555,0.2099291670601815,200
4329,5,9.206701708957553,0.1753415409475565,0.2649125410243869,200
820,5,9.263282291940413,0.18654591706581414,0.28726283402647823,200
554,5,9.319833958987147,0.20521370798815042,0.25080570799764246,200
69,5,9.37649320892524,0.20064029097557068,0.3009096250170842,200
4057,5,9.489836791995913,0.19584337493870407,0.2506881249137223,200
3218,5,9.43319883395452,0.316656208015047,0.26990729197859764,200
3903,5,9.546523041906767,0.23024175001773983,0.2529627090552822,200
4656,5,9.603205499937758,0.20614037499763072,0.2717212080024183,200
2794,5,9.659856333979405,0.20810524991247803,0.27707537508103997,200
1653,5,9.715844124904834,0.23644933407194912,0.2647886249469593,200
3981,5,9.77255058393348,0.22319825005251914,0.24623512499965727,200
3805,5,9.83285808400251,0.2168608329957351,0.25506758398842067,200
1590,5,9.889546791906469,0.2359104580245912,0.2028301670216024,200
3253,5,9.945924291969277,0.235152457957156,0.19523716694675386,200
1870,5,10.05820812494494,0.20422575005795807,0.2481655420269817,200
5328,5,10.11491758399643,0.1643010409316048,0.24575945804826915,200
4986,5,10.001691249897704,0.28522370907012373,0.2243344159796834,200
2649,5,10.171442958991975,0.17042204097379,0.21838158403988928,200
2328,5,10.283637083950453,0.2051930830348283,0.23312150000128895,200
5105,5,10.227463041897863,0.2744062920100987,0.23097074998077005,200
1701,5,10.396431041997857,0.2443043749080971,0.2144595410209149,200
1103,5,10.339736166992225,0.303185666911304,0.21325845795217901,200
3959,5,10.452698666951619,0.2806294580223039,0.1889453330077231,200
2980,5,10.508970791939646,0.2723774580517784,0.2288481250870973,200
4976,5,10.56566062499769,0.29563916695769876,0.2779190420405939,200
2934,5,10.679097208892927,0.22008358302991837,0.18900687503628433,200
2697,5,10.734715375001542,0.21058045898098499,0.23147091700229794,200
1509,5,10.622384041897021,0.3428554170532152,0.2796935410005972,200
3075,5,10.79130737495143,0.2127520419890061,0.1493520000949502,200
3163,5,10.84801512490958,0.23487191705498844,0.20421491598244756,200
1932,5,10.904093791963533,0.19651583302766085,0.16956654202658683,200
1414,5,10.96027979196515,0.186559958034195,0.17763070901855826,200
2550,5,11.016998083912767,0.282318958081305,0.1548696249956265,200
4280,5,11.073324833996594,0.23701058293227106,0.17325420898851007,200
2370,5,11.130068750004284,0.21129791694693267,0.18411841697525233,200
3055,5,11.186789667000994,0.1883053749334067,0.2208804580150172,200
1900,5,11.24295295891352,0.16074525006115437,0.23760412505362183,200
934,5,11.30051604192704,0.1918888749787584,0.216770083992742,200
3421,5,11.413908333983272,0.18908816599287093,0.265498207998462,200
641,5,11.357211999944411,0.24649299995508045,0.2556544999824837,200
5000,5,11.470605958951637,0.19519474997650832,0.170162208029069,200
3857,5,11.526616999995895,0.17598116700537503,0.21514287497848272,200
3514,5,11.639143791981041,0.18044808297418058,0.2632360409479588,200
592,5,11.582356374943629,0.2887963750399649,0.24016829195898026,200
528,5,11.752591249998659,0.18751691689249128,0.25931049999780953,200
150,5,11.809239541995339,0.20097879192326218,0.20567162497900426,200
5349,5,11.695850999909453,0.35825950000435114,0.29141641699243337,200
375,5,11.865052458946593,0.1909637909848243,0.26057491602841765,200
2187,5,11.921729083987884,0.2607119579333812,0.25516329205129296,200
4824,5,11.978407416958362,0.2146650420036167,0.2751701669767499,200
4382,5,12.09173283400014,0.218192582949996,0.21986037504393607,200
374,5,12.03505237493664,0.3116517090238631,0.2140353329014033,200
4044,5,12.148187499959022,0.23772574996110052,0.20733129198197275,200
1891,5,12.20391620893497,0.19498354103416204,0.19303708395455033,200
441,5,12.260510416934267,0.22945341700688004,0.2053581669460982,200
1856,5,12.316823916975409,0.19080283294897527,0.2597787081031129,200
260,5,12.373453708947636,0.1665498330257833,0.19004212494473904,200
2987,5,12.430215291911736,0.1766695419792086,0.23652441706508398,200
5032,5,12.542694708914496,0.18929675000254065,0.19467804196756333,200
1743,5,12.486875958973542,0.2746394999558106,0.176296791061759,200
4807,5,12.598838833975606,0.2271663750289008,0.2116614170372486,200
1837,5,12.655543583910912,0.194675000035204,0.25595295790117234,200
4689,5,12.712260583997704,0.17919116595294327,0.22131783398799598,200
4874,5,12.768673124955967,0.18299758399371058,0.26017241599038243,200
1212,5,12.825252249953337,0.20699595904443413,0.28434562496840954,200
2112,5,12.882016249932349,0.21968329197261482,0.2738333339802921,200
562,5,12.938677666941658,0.240824667038396,0.20602070889435709,200
3940,5,13.054287124890834,0.18972904200199991,0.2273701661033556,200
455,5,12.995339874993078,0.2516123749082908,0.23317062493879348,200
2272,5,13.11085583397653,0.16703491599764675,0.25929312501102686,200
2732,5,13.167508333921432,0.1847497500712052,0.27500495803542435,200
2787,5,13.224177041905932,0.22969383304007351,0.27166933298576623,200
2485,5,13.27996820898261,0.17910595797002316,0.24670241703279316,200
2178,5,13.393362874980085,0.18867537495680153,0.21304583398159593,200
4589,5,13.33670774998609,0.25368687498848885,0.2342352500418201,200
4066,5,13.450130874989554,0.3322107919957489,0.20523741701617837,200
4635,5,13.506306916940957,0.2769977080170065,0.25820291601121426,200
5103,5,13.563112874981016,0.2472599589964375,0.2843128750100732,200
2702,5,13.676044833962806,0.24982675001956522,0.22155450005084276,200
2505,5,13.61962895898614,0.3277073329081759,0.2666839170269668,200
5361,5,13.732208666973747,0.23240229196380824,0.27185337501578033,200
901,5,13.845033083925955,0.2840080000460148,0.25377154198940843,200
2833,5,13.901691749924794,0.22818287496920675,0.11858683300670236,200
3199,5,13.788350583985448,0.3480334159685299,0.20537687500473112,200
3747,5,13.958437791909091,0.2204274170799181,0.17445758392568678,200
2335,5,14.021092249895446,0.3799952920526266,0.2096831250237301,200
4546,5,14.077906749909744,0.3243006250122562,0.15053087496198714,200
1689,5,14.133932791999541,0.4656948329648003,0.18516495800577104,200
894,5,14.190616333973594,0.47262408293318003,0.22432100004516542,200
1978,5,14.302834499976598,0.4427594590233639,0.17226662498433143,200
662,5,14.246633083908819,0.5381105000851676,0.11693833291064948,200
5478,5,14.6009332499234,0.20110050006769598,6.195798050612211e-05,200
895,5,14.416172624914907,0.40958104201126844,0.2365722079994157,200
2189,5,14.472864999901503,0.35424325009807944,0.07091058290097862,200
1377,5,14.664604958961718,0.4837260829517618,5.837494973093271e-05,200
2371,5,14.74635045893956,0.4817174579948187,5.954108200967312e-05,200
2078,5,14.803100541932508,0.4415564170340076,0.01739179203286767,200
3627,5,14.859823874896392,0.4530457090586424,0.056826416053809226,200
2050,5,14.972899874905124,0.3845292089972645,0.14499466598499566,200
1374,5,14.916484333924018,0.516407125047408,0.09012058295775205,200
3662,5,15.150091791991144,0.33400337491184473,0.0004339580191299319,200
3849,5,14.359545041923411,1.1571350420126691,0.2206089999526739,200
830,5,14.528825749992393,1.0070676249451935,0.12586354208178818,200
145,5,15.285561208962463,0.25477570795919746,0.04002354200929403,200
1855,5,15.228898374945857,0.33003645902499557,4.700000863522291e-05,200
4579,5,15.342278499971144,0.2575249170185998,0.02809066593181342,200
486,5,15.399752208963037,0.20149479096289724,0.041486000060103834,200
5538,5,15.456402249983512,0.21128887496888638,0.022879541967995465,200
2065,5,15.513054708950222,0.19046183302998543,0.02822737500537187,200
2401,5,15.569716416997835,0.17970249999780208,0.05241366592235863,200
2165,5,15.62647879193537,0.1758121669990942,0.08986416598781943,200
513,5,15.683094042004086,0.21365545794833452,0.14203816710505635,200
2353,5,15.739467999897897,0.1691107921069488,0.1799014590214938,200
5480,5,15.852807541959919,0.18524083297234029,0.250741875031963,200
4384,5,15.909544624970295,0.2715802090242505,0.2411147499224171,200
277,5,16.02152870898135,0.17154150002170354,0.27121399994939566,200
4778,5,15.965622166986577,0.24464833294041455,0.26147454197052866,200
1272,5,16.077464624890126,0.15632120904047042,0.2745552910491824,200
222,5,15.796139749931172,0.44390916696283966,0.19558820908423513,200
127,5,16.13413604197558,0.20953670796006918,0.23676087497733533,200
2361,5,16.190544999903068,0.21477816707920283,0.2810897500021383,200
5045,5,16.24692533398047,0.22935937496367842,0.20759729098062962,200
4540,5,16.3035796249751,0.20817958400584757,0.1217507499968633,200
5417,5,16.35949579195585,0.15849900001194328,0.16571874998044223,200
1945,5,16.41618183394894,0.216866165981628,0.20511658303439617,200
4089,5,16.47287891700398,0.22462541691493243,0.2383131660753861,200
4620,5,16.529550749924965,0.2160512920236215,0.2887733749812469,200
941,5,16.585879999911413,0.20529570907820016,0.24142633297014982,200
1568,5,16.64230404200498,0.18540174991358072,0.2356903749750927,200
1372,5,16.69881816697307,0.20340858295094222,0.22140504198614508,200
2995,5,16.811381791951135,0.1733150000218302,0.29223287501372397,200
3012,5,16.75548074999824,0.25737112492788583,0.24234183295629919,200
5411,5,16.868154208990745,0.19873662490863353,0.23354741698130965,200
928,5,16.924828833900392,0.17377200000919402,0.22610808408353478,200
2034,5,16.981522833928466,0.2037730000447482,0.2344509579706937,200
4072,5,17.150879541994072,0.14855091692879796,0.24770429101772606,200
4048,5,17.094232374918647,0.217418042011559,0.26538945792708546,200
4670,5,17.03754745889455,0.3013150410261005,0.24553087493404746,200
1546,5,17.207552167004906,0.1810662919888273,0.22221520903985947,200
627,5,17.264247458893806,0.22028308303561062,0.24991270794998854,200
1350,5,17.322873708908446,0.22477249999064952,0.25520479201804847,200
3765,5,17.37958574993536,0.1712876670062542,0.28021124994847924,200
3118,5,17.436245249933563,0.20839241705834866,0.2497277499642223,200
2999,5,17.492497958941385,0.21009383304044604,0.19220783305354416,200
4463,5,17.605486708926037,0.16605666605755687,0.265961250057444,200
1626,5,17.54877883393783,0.24908483296167105,0.23644908296409994,200
2008,5,17.661371916998178,0.2280526669928804,0.27141795796342194,200
4188,5,17.773831625003368,0.2090902499621734,0.22512795799411833,200
3066,5,17.83055658394005,0.21091516595333815,0.2789630830520764,200
4081,5,17.887285124976188,0.24992233398370445,0.24195595795754343,200
1450,5,17.9439308749279,0.22956245904788375,0.2407300000777468,200
3371,5,18.000598416896537,0.20655741705559194,0.22753791697323322,200
2188,5,18.113201541942544,0.17617991706356406,0.22307441604789346,200
5513,5,18.057386999949813,0.251703166984953,0.2587444590171799,200
3148,5,18.169836499961093,0.16057974996510893,0.18554574996232986,200
2504,5,18.22589366696775,0.20983204199001193,0.18342287500854582,200
3432,5,18.28254687495064,0.18349054199643433,0.14396037498954684,200
4969,5,18.339045416912995,0.35202495800331235,0.16490075003821403,200
4393,5,18.395711749908514,0.41665208409540355,0.18789337505586445,200
4122,5,18.452354208915494,0.36180279101245105,0.16206862509716302,200
4063,5,18.509031166904606,0.3624124170746654,0.19903141690883785,200
4988,5,18.56568849994801,0.30883158405777067,0.23403191601391882,200
5403,5,17.718116833944805,1.1891611659666523,0.23289008298888803,200
1195,5,18.622388666961342,0.3191128330072388,0.185946041950956,200
916,5,18.679142791894265,0.36951054201927036,0.21131241705734283,200
3764,5,18.73584579199087,0.33675483299884945,0.04336979193612933,200
5034,5,18.81524691695813,0.30815175001043826,0.0013519579079002142,200
2973,5,18.986575624905527,0.20998066698666662,0.1108033339260146,200
2466,5,18.873126291902736,0.33650995802599937,0.057919332990422845,200
2480,5,19.043246541987173,0.23578795790672302,0.13526233308948576,200
1249,5,18.92984966689255,0.4009852500166744,0.05680329108145088,200
4516,5,19.099251958890818,0.23272554110735655,0.15682266699150205,200
1097,5,19.211651416961104,0.18438562494702637,0.13839516695588827,200
4107,5,19.32500283396803,0.2301404579775408,0.12783279200084507,200
3997,5,19.268299541901797,0.2892796670785174,0.14425712497904897,200
3460,5,19.438418083940633,0.16726012504659593,0.15803775005042553,200
1285,5,19.381727208965458,0.2588543329620734,0.17039616697002202,200
3950,5,19.55144708394073,0.21157899999525398,0.21893966698553413,200
2055,5,19.607126499991864,0.21260799991432577,0.210070125060156,200
741,5,19.15597133396659,0.6648450409993529,0.10670237499289215,200
3072,5,19.663838292006403,0.22753345791716129,0.10733204195275903,200
5285,5,19.83339054195676,0.174894499941729,0.191330041969195,200
952,5,19.720529249985702,0.29055866692215204,0.16185412497725338,200
2159,5,19.495069249998778,0.517392999958247,0.16327020793687552,200
126,5,19.777194708934985,0.23671404097694904,0.17019024991896003,200
1707,5,19.947353083989583,0.2344682909315452,0.12700641702394933,200
4412,5,20.004063749918714,0.20367237506434321,0.18217395897954702,200
2374,5,19.890540708904155,0.39391808304935694,0.12626162497326732,200
5182,5,20.117531249998137,0.25505674991291016,0.1082199999364093,200
1041,5,20.173890208941884,0.31689000001642853,0.1616198749979958,200
5071,5,20.23069612495601,0.2820269169751555,0.21777483401820064,200
4625,5,20.286394083988853,0.23992012499365956,0.27145729097537696,200
3354,5,20.455555916996673,0.2711033329833299,0.1697980830213055,200
3970,5,20.3988822089741,0.3429852909175679,0.19039191608317196,200
579,5,20.514058833941817,0.24209983297623694,0.14081987494137138,200
1913,5,20.34307124989573,0.50387804210186,0.1606387080391869,200
1547,5,20.56996470899321,0.28869958291761577,0.0783154999371618,200
4975,5,20.6266776669072,0.23821462504565716,0.1126563330180943,200
3115,5,20.06088733393699,0.8425695409532636,0.1688692079624161,200
2798,5,20.683766791946255,0.2575520829996094,0.1559557500295341,200
2376,5,20.79609354189597,0.23048279201611876,0.05323225003667176,200
3052,5,20.852281874977052,0.1820862089516595,0.0950933750718832,200
1071,5,20.7394188339822,0.3417391659459099,0.012197415926493704,200
2759,5,20.908367999945767,0.21863337501417845,0.06072866695467383,200
4009,5,20.965036291978322,0.1683942920062691,0.1051182079827413,200
240,5,21.021822041948326,0.17171224998310208,0.15563658403698355,200
5311,5,21.0778050419176,0.2132057499838993,0.17285133397672325,200
4693,5,21.19054920889903,0.1911322500091046,0.16251850000116974,200
2150,5,21.24736104195472,0.17276204202789813,0.2122322090435773,200
3028,5,21.134782624896616,0.29969254205934703,0.1918741250410676,200
4447,5,21.303280958905816,0.15789245802443475,0.22082866705022752,200
1661,5,21.360129624954425,0.20442870899569243,0.23184175009373575,200
4431,5,21.416868416941725,0.20095958304591477,0.28222458402160555,200
131,5,21.47257591690868,0.18791441700886935,0.27777587494347245,200
3570,5,21.52924212499056,0.2145187919959426,0.23692400008440018,200
172,5,21.585195541963913,0.16784287500195205,0.2025020410073921,200
4856,5,21.641865749959834,0.19867337495088577,0.2204100409289822,200
4285,5,21.697947374894284,0.18838604202028364,0.2626499590696767,200
1297,5,21.75465258397162,0.19818004092667252,0.29147374990861863,200
5304,5,21.811303541995585,0.20487824990414083,0.24596687499433756,200
2938,5,21.868052333942614,0.18015312496572733,0.24930429097730666,200
3412,5,21.923787499894388,0.18840291700325906,0.26265541708562523,200
3766,5,21.980263083940372,0.16043000004719943,0.23552287509664893,200
1664,5,22.0369763339404,0.18956175004132092,0.28246575000230223,200
1620,5,22.149923874996603,0.16771033394616097,0.2629078340250999,200
1918,5,22.09341529197991,0.2666634579654783,0.25214458303526044,200
5241,5,22.206692292005755,0.20098895789124072,0.2530156249413267,200
4877,5,22.263390333973803,0.19249445793684572,0.2457821249263361,200
3346,5,22.319134583929554,0.22475887497421354,0.2700955410255119,200
1733,5,22.375817208900116,0.1858063330873847,0.2620889999670908,200
256,5,22.431654333951883,0.2126619160408154,0.28953516704495996,200
661,5,22.48773629195057,0.22437254199758172,0.26008283300325274,200
1866,5,22.545356458984315,0.18919554096646607,0.22675504197832197,200
1836,5,22.60209329193458,0.22141866700258106,0.24125008296687156,200
1825,5,22.65883262490388,0.16760108398739249,0.24972000007983297,200
2250,5,22.714628833928145,0.17917087499517947,0.2572336660232395,200
1905,5,22.770824749954045,0.18328754196409136,0.22557487501762807,200
2025,5,22.827863874961622,0.16923008393496275,0.26474837493151426,200
3864,5,22.884666916914284,0.1915084170177579,0.2390094998991117,200
773,5,22.941445499891415,0.22089666710235178,0.22805199993308634,200
1363,5,22.998447749996558,0.2651608339510858,0.26311945798806846,200
4245,5,23.111328708939254,0.15833212505094707,0.28358837496489286,200
3650,5,23.055163958924823,0.22265495802275836,0.23011008300818503,200
3247,5,23.16737945890054,0.25209183304104954,0.27233558299485594,200
2061,5,23.2798678339459,0.182862333022058,0.2815186249790713,200
566,5,23.336575333960354,0.19700762501452118,0.25909233395941556,200
2631,5,23.393280916963704,0.23067299998365343,0.22960574994795024,200
2301,5,23.45004266698379,0.21661570796277374,0.18500783306080848,200
549,5,23.50671320897527,0.172570165945217,0.23590262501966208,200
586,5,23.224113125004806,0.47108366689644754,0.26885891694109887,200
854,5,23.56345508398954,0.2088367500109598,0.2847230840707198,200
2546,5,23.62028204195667,0.1946037500165403,0.19925858301576227,200
695,5,23.67693054198753,0.18561583291739225,0.2127211670158431,200
5449,5,23.73358866700437,0.22282929194625467,0.1988498750142753,200
2727,5,23.79024404194206,0.19856124999932945,0.16486383404117078,200
1373,5,23.846001375000924,0.1741912089055404,0.17831516708247364,200
3143,5,23.902776499977335,0.26970962493214756,0.22249695798382163,200
2040,5,23.95850112498738,0.24252120894379914,0.2620462500490248,200
1287,5,24.07174020889215,0.16051691607572138,0.25559358298778534,200
4748,5,24.014965374954045,0.252223958959803,0.24187095800880343,200
1588,5,24.128520166967064,0.18035483302082866,0.26452387496829033,200
3245,5,24.185180999920703,0.2233225000090897,0.2277926669921726,200
593,5,24.2418097499758,0.1806460419902578,0.25146608299110085,200
1408,5,24.298306208918802,0.21568370808381587,0.2766680419445038,200
4721,5,24.35435045894701,0.1712043749867007,0.1805195000488311,200
1145,5,24.41004529199563,0.2268912079744041,0.20766745798755437,200
2713,5,24.466779624926858,0.20637145906221122,0.23334866692312062,200
1224,5,24.52319599990733,0.18869187508244067,0.2550165830180049,200
4265,5,24.580038208980113,0.19263358297757804,0.2702392500359565,200
4894,5,24.694440083927475,0.16806666599586606,0.27038083400111645,200
464,5,24.75085416692309,0.21590141707565635,0.23579895799048245,200
2543,5,24.638156916946173,0.3725959579460323,0.22828029200900346,200
1346,5,24.863482208922505,0.2122590410290286,0.22546800004784018,200
867,5,24.807098541990854,0.2734480829676613,0.280629959073849,200
1286,5,24.919190166983753,0.1968558329390362,0.24480283400043845,200
2373,5,25.032436874927953,0.17855308402795345,0.2588269159896299,200
667,5,24.97573016700335,0.24617529194802046,0.2622303750831634,200
948,5,25.088913541985676,0.1925755419069901,0.2255167500115931,200
3809,5,25.14584362495225,0.160842000041157,0.17794824996963143,200
904,5,25.202533041941933,0.166139250039123,0.19089812494348735,200
5399,5,25.259243041975424,0.18577404192183167,0.18206141598057002,200
2149,5,25.315860333968885,0.2413759999908507,0.2341655830387026,200
3520,5,25.371791416895576,0.19497191708069295,0.2543887500651181,200
4732,5,25.428639958961867,0.2330925000132993,0.21660608402453363,200
2723,5,25.484940249938518,0.25500483403448015,0.2618457500357181,200
1383,5,25.598258166923188,0.18979041697457433,0.2907020829152316,200
1790,5,25.710802166955546,0.18741725001018494,0.2644650829024613,200
4665,5,25.654962083906867,0.36012779106386006,0.2845968749606982,200
3802,5,25.823341916897334,0.19226566702127457,0.2553169580642134,200
5370,5,25.767305999994278,0.24865316692739725,0.2085904999403283,200
3113,5,25.54151629190892,0.4748420420801267,0.25894279102794826,200
5276,5,25.88006820890587,0.2001749580958858,0.21707037498708814,200
338,5,25.93690766696818,0.26085454202257097,0.19575787498615682,200
2918,5,26.0141304169083,0.26284729200415313,0.22456620901357383,200
3326,5,26.127187708974816,0.1736244159983471,0.11167820799164474,200
5149,5,26.183997624902986,0.1732478750636801,0.16814349999185652,200
2776,5,26.297402041964233,0.20020058297086507,0.28072337491903454,200
1407,5,26.24071041692514,0.29789333301596344,0.22452970792073756,200
349,5,26.35410095890984,0.24026270804461092,0.27341437491122633,200
5563,5,26.410908708930947,0.22026237496174872,0.2119344170205295,200
4917,5,26.07058549998328,0.5735054169781506,0.1714498329674825,200
4936,5,26.467737416969612,0.1819826669525355,0.18944004201330245,200
2244,5,26.52437341690529,0.17430712503846735,0.22228274994995445,200
3843,5,26.581074333982542,0.2236616249429062,0.22220108401961625,200
5387,5,26.636825083987787,0.21118679095525295,0.13798383297398686,200
1717,5,26.693003374966793,0.19424054201226681,0.15301870799157768,200
1638,5,26.749094208935276,0.18495899997651577,0.1537300409981981,200
3592,5,26.806079541915096,0.20210316707380116,0.17353279201779515,200
3918,5,26.91937516699545,0.17469645792152733,0.26881625002715737,200
1548,5,26.97530937497504,0.1925451250281185,0.27572104102000594,200
4669,5,27.031671958975494,0.21398229093756527,0.22571091703139246,200
5345,5,26.86272337497212,0.38613429199904203,0.2178589169634506,200
3711,5,27.087726749945432,0.20787225000094622,0.2383798750815913,200
794,5,27.144427249906585,0.17421495902817696,0.25566208304371685,200
2547,5,27.201157124945894,0.17922133405227214,0.2658259170129895,200
3191,5,27.257703749928623,0.1727134590037167,0.24786120792850852,200
3501,5,27.314389833947644,0.19276158302091062,0.2193410840118304,200
3951,5,27.371119791991077,0.1796374999685213,0.2020827499218285,200
1514,5,27.42910954193212,0.20242108299862593,0.18178679200354964,200
5516,5,27.48628629196901,0.18462858302518725,0.23647266603074968,200
2171,5,27.543068666942418,0.22418137500062585,0.24626670801080763,200
3091,5,27.59979474998545,0.20401383400894701,0.28014308400452137,200
3233,5,27.65661804191768,0.18669187498744577,0.2756002909736708,200
4610,5,27.71327549999114,0.18123470898717642,0.2814544999273494,200
2508,5,27.768908916972578,0.1675394169287756,0.25994700007140636,200
1755,5,27.825597291928716,0.15079833299387246,0.27361920790281147,200
3248,5,27.88231466698926,0.21529024990741163,0.24926091695670038,200
3768,5,27.938076374935918,0.29233720898628235,0.2660568329738453,200
3583,5,27.99436524999328,0.2703791249077767,0.22562245791777968,200
817,5,28.05088062491268,0.21484587504528463,0.24574366700835526,200
5464,5,28.10752691689413,0.17009879206307232,0.26346137491054833,200
4411,5,28.164260666933842,0.27928595803678036,0.2689597919816151,200
4478,5,28.22032074991148,0.2255884170299396,0.28331483399961144,200
2175,5,28.276944916928187,0.17397999996319413,0.2990409580525011,200
3546,5,28.33361424994655,0.19759250001516193,0.23471574997529387,200
1577,5,28.390392999979667,0.3178680419223383,0.1586936250096187,200
3957,5,28.446801208890975,0.355375666054897,0.1815299589652568,200
104,5,28.67296341690235,0.3611480830004439,0.22629975003656,200
3982,5,28.55952566699125,0.47545562498271465,0.281591167091392,200
5362,5,28.616294833947904,0.4578236249508336,0.17144495900720358,200
3845,5,28.72969108389225,0.3771187081001699,0.27799370896536857,200
3304,5,28.842800583923236,0.2662342080147937,0.13334937498439103,200
3010,5,29.035621624905616,0.20592850004322827,0.0008777499897405505,200
553,5,28.78618287493009,0.4577064999612048,0.25378337502479553,200
1462,5,29.09219704195857,0.1683649580227211,0.05660708399955183,200
4269,5,29.148934374912642,0.22539362509269267,0.07403708307538182,200
3914,5,29.20563229196705,0.17574350000359118,0.09773241705261171,200
3043,5,28.899606041959487,0.4936890830285847,0.09634237491991371,200
692,5,28.502759208902717,0.8958045410690829,0.23664929205551744,200
301,5,29.261341208941303,0.16436412499751896,0.15098183404188603,200
178,5,29.318099083960988,0.17761833302211016,0.07524874992668629,200
2352,5,29.375750249950215,0.18349600001238286,0.13090674998238683,200
1011,5,29.43156108399853,0.19333449995610863,0.17030145798344165,200
228,5,29.54492724989541,0.15590745909139514,0.16262208297848701,200
2456,5,29.488252666895278,0.28822416707407683,0.11257554194889963,200
1044,5,29.601022041984834,0.19974224991165102,0.20682529197074473,200
1993,5,29.657755749998614,0.18368512496817857,0.25838554196525365,200
42,5,29.714447291917168,0.16752995806746185,0.2876252909190953,200
3239,5,29.828023333917372,0.17589679104276001,0.2673512080218643,200
1656,5,29.77134004200343,0.24020262493286282,0.2743343749316409,200
1170,5,29.883761458913796,0.17077754100318998,0.2572807500837371,200
4177,5,29.997169583919458,0.2173968330025673,0.21972058294340968,200
2946,5,30.056110124918632,0.21424745908007026,0.25440062501002103,200
2848,5,30.11360316700302,0.19194762490224093,0.27068083395715803,200
1473,5,30.1703351669712,0.18222591700032353,0.2872769999084994,200
3619,5,30.227003208943643,0.18897670798469335,0.22146141692064703,200
4526,5,30.28376112494152,0.17721045901998878,0.2712265000445768,200
3242,5,30.340082499897107,0.17443524999544024,0.28401945903897285,200
4052,5,30.39684562489856,0.1795052500674501,0.18108429200947285,200
1124,5,29.9405600419268,0.7041184999980032,0.2381446249783039,200
257,5,30.453625124995597,0.20898695895448327,0.17957974993623793,200
5148,5,30.51041287498083,0.18572566693183035,0.20338708395138383,200
1190,5,30.62337787495926,0.17249629204161465,0.20609620807226747,200
2014,5,30.567127666901797,0.3343422079924494,0.21345625002868474,200
3671,5,30.735894874902442,0.1777257090434432,0.2201149578904733,200
4992,5,30.79223491693847,0.1969465829897672,0.21504762500990182,200
80,5,30.679136458900757,0.31348508305381984,0.2171968340408057,200
529,5,30.848929708939977,0.2067377499770373,0.20296112506184727,200
1992,5,31.01781712495722,0.1565991670358926,0.22040250001009554,200
5254,5,30.961629708996043,0.21808575000613928,0.2635671249590814,200
2263,5,30.904838291928172,0.28682629205286503,0.24141029198653996,200
3462,5,31.074518583947793,0.20582458295393735,0.17152475006878376,200
1355,5,31.186756833922118,0.21576191601343453,0.1963199171004817,200
1878,5,31.130481874919496,0.27462645899504423,0.2154850410297513,200
3880,5,31.242920208955184,0.2657530000433326,0.24880300008226186,200
3812,5,31.2995434589684,0.24301958293654025,0.24284554203040898,200
1907,5,31.412223499966785,0.1628612499916926,0.231122791999951,200
4780,5,31.355865333927795,0.24531808297615498,0.17964116705115885,200
4982,5,31.468936958932318,0.2671329580480233,0.27620600000955164,200
1141,5,31.58154141693376,0.15852012496907264,0.17758687504101545,200
2924,5,31.52562945894897,0.22409337502904236,0.24403558403719217,200
974,5,31.638263916946016,0.19006087502930313,0.2325917499838397,200
3019,5,31.695020166924223,0.25631045806221664,0.1853335000341758,200
1503,5,31.750953249982558,0.20999983395449817,0.2070237499428913,200
3137,5,31.863281666999683,0.1705117499222979,0.2604133340064436,200
4613,5,31.8066995840054,0.24665695789735764,0.2303894170327112,200
1454,5,31.92003133392427,0.19693433307111263,0.18285037495661527,200
3478,5,31.976351291988976,0.23225441691465676,0.23528183298185468,200
3274,5,32.03513908397872,0.2271917499601841,0.2842969170305878,200
3593,5,32.0918316669995,0.23737824999261647,0.26192099996842444,200
959,5,32.148541166912764,0.22725475009065121,0.19576962501741946,200
1084,5,32.205253583961166,0.19148487492930144,0.24355395801831037,200
980,5,32.263259041938,0.19902387505862862,0.22815262502990663,200
3692,5,32.319467124994844,0.17532270890660584,0.26488462497945875,200
3663,5,32.376863416982815,0.22704416699707508,0.25831524992827326,200
215,5,32.43357541691512,0.2272612500237301,0.22384262492414564,200
852,5,32.49027599999681,0.24893345893360674,0.22706454200670123,200
4731,5,32.54698162490968,0.20742258406244218,0.2171838750364259,200
4460,5,32.60557204193901,0.18974966695532203,0.22876779199577868,200
5128,5,32.66192224994302,0.24466800002846867,0.26419104204978794,200
4096,5,32.77534316689707,0.20446575002279133,0.27941245900001377,200
1171,5,32.71861941693351,0.28618399996776134,0.2550594169879332,200
4469,5,32.832063416950405,0.21373587497510016,0.22657345805782825,200
3875,5,32.88804995897226,0.16438712493982166,0.2262196249794215,200
1592,5,32.94464866700582,0.2413849999429658,0.20413479197304696,200
3348,5,33.00036158389412,0.2004060409963131,0.24478616705164313,200
3742,5,33.05634841695428,0.19785320793744177,0.2597042080014944,200
4170,5,33.11296204198152,0.2182535829488188,0.20582720800302923,200
4001,5,33.169568874989636,0.1876430419506505,0.18944170896429569,200
1471,5,33.22617233393248,0.16578050004318357,0.22106791601981968,200
5517,5,33.282827083952725,0.2115728750359267,0.2367367499973625,200
594,5,33.339271291974,0.21589495800435543,0.2865575000178069,200
1795,5,33.45166924991645,0.16450237506069243,0.25066570891067386,200
1314,5,33.39521512493957,0.2518802919657901,0.20889079198241234,200
495,5,33.50826849997975,0.19294887501746416,0.25379204098135233,200
4256,5,33.56466174998786,0.17330854199826717,0.23309983301442116,200
1197,5,33.62072299991269,0.17089908407069743,0.2631715410389006,200
83,5,33.677325166994706,0.1666230419650674,0.28507587499916553,200
3975,5,33.7339522090042,0.1767437499947846,0.23924974992405623,200
4790,5,33.84639449999668,0.22003883391153067,0.22991020802874118,200
3637,5,33.90299920889083,0.19812916603405029,0.2556278749834746,200
5138,5,33.95878620899748,0.2692296659806743,0.2573094579856843,200
2462,5,34.01533341698814,0.2374305420089513,0.27699229097925127,200
180,5,34.07144658395555,0.24401695793494582,0.2795281249564141,200
4286,5,34.12729220895562,0.2557759579503909,0.2830720409983769,200
4153,5,34.182969666901045,0.23754520807415247,0.2720231250859797,200
2658,5,34.239552124985494,0.19424533401615918,0.17279433296062052,200
4359,5,34.296145708998665,0.16656354092992842,0.19472504092846066,200
2906,5,33.79057345900219,0.766255582915619,0.23502045799978077,200
4763,5,34.35239129199181,0.2424805419286713,0.12409433396533132,200
5188,5,34.40854858397506,0.19526924996171147,0.15555345790926367,200
1834,5,34.46428062499035,0.26061595894861966,0.14857562503311783,200
2678,5,34.57747329189442,0.16755495802499354,0.15668324998114258,200
2039,5,34.52088308392558,0.24627574998885393,0.13754775002598763,200
3889,5,34.634058874915354,0.21015091706067324,0.20006800000555813,200
1788,5,34.690652666962706,0.16743412497453392,0.22773070796392858,200
5409,5,34.7463575839065,0.18092399998567998,0.18924566602800041,200
672,5,34.858556416933425,0.1689653330249712,0.25454008392989635,200
885,5,34.802948999917135,0.22572929202578962,0.20784129109233618,200
2259,5,34.91515312495176,0.173018959001638,0.18999758397694677,200
3334,5,34.971743916976266,0.15176824992522597,0.22649783303495497,200
3613,5,35.02780904190149,0.19789254199713469,0.26038004097063094,200
1260,5,35.08440949989017,0.2701955420197919,0.2399769590701908,200
2069,5,35.19760429195594,0.15804579202085733,0.2700626249425113,200
5290,5,35.14100137492642,0.2335298340767622,0.2826689159264788,200
3716,5,35.25418966694269,0.1513948329957202,0.22640191693790257,200
3894,5,35.309884333983064,0.17746416595764458,0.2810143750393763,200
1048,5,35.366489583975635,0.25316824996843934,0.2780428329715505,200
2793,5,35.42303770896979,0.20456250000279397,0.29929508292116225,200
3308,5,35.479650541907176,0.22630079207010567,0.25369375001173466,200
3338,5,35.59209883399308,0.15036645799409598,0.2361872079782188,200
845,5,35.53616733395029,0.2123615409946069,0.18123824999202043,200
1597,5,35.64868145890068,0.14917750004678965,0.27385724999476224,200
141,5,35.705280208960176,0.1560467079980299,0.299360541976057,200
3535,5,35.761874124989845,0.1512133339419961,0.2742072499822825,200
3441,5,35.87504945893306,0.1743404580047354,0.2472552910912782,200
2511,5,35.81846849992871,0.2527690000133589,0.19853175000753254,200
1056,5,35.93164095899556,0.15799895790405571,0.2254386249696836,200
2960,5,35.988240583916195,0.21046037506312132,0.2455765000777319,200
1976,5,36.04482045897748,0.20232241600751877,0.296128207934089,200
5209,5,36.15801791695412,0.1698549169814214,0.2964395829476416,200
1916,5,36.10140208399389,0.22775949991773814,0.30326633295044303,200
2398,5,36.21467183390632,0.1801955410046503,0.3012943329522386,200
2716,5,36.270997749990784,0.2341903749620542,0.22133720794226974,200
4541,5,36.327524874941446,0.1782992499647662,0.25609650008846074,200
4941,5,36.384131541941315,0.2617350419750437,0.29430312500335276,200
1534,5,36.504781083902344,0.24362866603769362,0.257343832985498,200
1841,5,36.561427459004335,0.24312179093249142,0.233114333008416,200
3773,5,36.6181945418939,0.2041320001007989,0.28881179192103446,200
2592,5,36.674857208970934,0.21575345797464252,0.2796199170406908,200
451,5,36.731423374963924,0.21211979200597852,0.22574166697449982,200
231,5,36.440734624979086,0.5613540419144556,0.2417474159738049,200
1895,5,36.84497879189439,0.16209279210306704,0.19801700010430068,200
735,5,36.78820537496358,0.24788949999492615,0.28201775008346885,200
512,5,36.90165674989112,0.16486275009810925,0.15181258297525346,200
2919,5,36.95847158390097,0.17535766609944403,0.15236841700971127,200
2357,5,37.070944709004834,0.17922645795624703,0.17924700002186,200
259,5,37.0149021249963,0.27039383398368955,0.19174308294896036,200
3044,5,37.12693216698244,0.1967426670016721,0.1819037499371916,200
2153,5,37.18356624990702,0.20709808403626084,0.18034404201898724,200
99,5,37.239982416969724,0.24970545794349164,0.2319443749729544,200
3475,5,37.296625458984636,0.2479259999236092,0.2599394170101732,200
4862,5,37.35314295894932,0.2542744999518618,0.2851674590492621,200
5017,5,37.40992666699458,0.21775370789691806,0.2745859590359032,200
2527,5,37.46681104192976,0.24055629200302064,0.2153328750282526,200
4733,5,37.52323766693007,0.19043270801194012,0.23687699995934963,200
5039,5,37.57999762496911,0.20173508394509554,0.2548307500546798,200
469,5,37.6365373339504,0.19512441603001207,0.24510095792356879,200
2786,5,37.69333870895207,0.23637370800133795,0.20244224998168647,200
3556,5,37.80626754194964,0.182403750019148,0.19668091600760818,200
1460,5,37.74932095897384,0.28196416597347707,0.20367879199329764,200
3963,5,37.86222299991641,0.24434804206248373,0.23375825001858175,200
4812,5,37.97554587491322,0.1936950000235811,0.2606344580417499,200
3162,5,37.91902012494393,0.2652349170530215,0.21078954101540148,200
3172,5,38.03279958397616,0.19452549994457513,0.24967341707088053,200
3372,5,38.146223666961305,0.18309670803137124,0.21482533297967166,200
2460,5,38.20288262492977,0.16141766705550253,0.21296987496316433,200
4284,5,38.316120041999966,0.16581329191103578,0.20830508403014392,200
1169,5,38.37257837492507,0.17015183402691036,0.2025272500468418,200
2846,5,38.429269249900244,0.1560197090730071,0.2440002920338884,200
1864,5,38.089517124928534,0.5365630000596866,0.25615745794493705,200
3309,5,38.48512912495062,0.18306108401156962,0.2566455830819905,200
4764,5,38.5418400419876,0.16461091698147357,0.21110120799858123,200
3932,5,38.59849416697398,0.1838268330320716,0.23331775004044175,200
3635,5,38.259299958939664,0.527705708052963,0.22667400003410876,200
1223,5,38.71143599995412,0.17345304205082357,0.16546599997673184,200
4228,5,38.65533558395691,0.23118920798879117,0.17223445908166468,200
3141,5,38.768139833933674,0.20874300005380064,0.18177695898339152,200
1796,5,38.824870624928735,0.18325587501749396,0.19744895899202675,200
46,5,38.93750545894727,0.20525737502612174,0.23016058409120888,200
2812,5,38.99368566693738,0.18054283305536956,0.2104819999076426,200
66,5,38.881301958928816,0.2989219999872148,0.21162137505598366,200
3428,5,39.05045091698412,0.20585412497166544,0.2624253750545904,200
401,5,39.10719733394217,0.19071779097430408,0.22095383401028812,200
4834,5,39.163847791962326,0.17458108300343156,0.2762832079315558,200
3128,5,39.22058841690887,0.2635932080447674,0.24254941707476974,200
3103,5,39.277824041899294,0.23365183302666992,0.2680390829918906,200
2539,5,39.33574695896823,0.18399937497451901,0.1921154159354046,200
5503,5,39.39219383394811,0.21608637494500726,0.21725200000219047,200
5156,5,39.448848499916494,0.19335808407049626,0.2677987499628216,200
297,5,39.504840999958105,0.2514507919549942,0.2467482089996338,200
3263,5,39.56077624997124,0.19865883397869766,0.2619006250752136,200
2347,5,39.617253041942604,0.1971144579583779,0.27689387497957796,200
390,5,39.673913041944616,0.19177545804996043,0.18868149991612881,200
1233,5,39.78703979193233,0.17952383297961205,0.2660094579914585,200
856,5,39.84375491691753,0.16386029205750674,0.2335207499563694,200
5446,5,39.89978079195134,0.21407183294650167,0.25646354199852794,200
182,5,39.95596774993464,0.22434079204685986,0.1980157500365749,200
2620,5,40.01212874997873,0.1794343339279294,0.2514167500194162,200
1574,5,40.068433374981396,0.20038091694004834,0.2523646670160815,200
5482,5,40.12509533390403,0.1844519580481574,0.25770570908207446,200
1139,5,40.18136595899705,0.2231796249980107,0.21329512493684888,200
2868,5,40.23732079192996,0.23608279204927385,0.2287004590034485,200
429,5,39.730722249951214,0.8046697500394657,0.2178577920421958,200
1519,5,40.35034745896701,0.18743766599800438,0.16908608400262892,200
188,5,40.293700583977625,0.24587729095946997,0.1782043749699369,200
4305,5,40.40601474989671,0.22280845907516778,0.21329066599719226,200
284,5,40.5198129999917,0.16533983394037932,0.2087761249858886,200
3276,5,40.46301737497561,0.262902291957289,0.19295916706323624,200
629,5,40.5765648749657,0.1833152089966461,0.17107966705225408,200
898,5,40.63244058389682,0.16953087504953146,0.15770316706039011,200
4530,5,40.68836374999955,0.20487820892594755,0.15195849991869181,200
1911,5,40.74501254200004,0.16859174997080117,0.20649649994447827,200
3835,5,40.803519833949395,0.2237122500082478,0.26313166599720716,200
3781,5,40.86021404189523,0.17103508301079273,0.23000391700770706,200
4314,5,40.916005083941855,0.21078795799985528,0.22968874999787658,200
3192,5,40.97247299994342,0.1678791670128703,0.24528633302543312,200
3936,5,41.02981499989983,0.2095359170343727,0.2685071249725297,200
88,5,41.08633379195817,0.24136700003873557,0.2829185420414433,200
3929,5,41.142122916993685,0.2833910830086097,0.24770579196047038,200
5408,5,41.25552866689395,0.22670100000686944,0.22664654103573412,200
2583,5,41.368434833944775,0.184410999994725,0.24019541696179658,200
836,5,41.31164033396635,0.2522495000157505,0.2793284159852192,200
2820,5,41.42742862494197,0.17967087496072054,0.28589895903132856,200
2687,5,41.48338062490802,0.1804551250534132,0.24173883395269513,200
2237,5,41.19879154197406,0.47689837496727705,0.2841028339462355,200
911,5,41.596240999992006,0.18460991699248552,0.1689113749889657,200
4830,5,41.65261799993459,0.22956583404447883,0.16934724990278482,200
4005,5,41.70935583394021,0.1915985830128193,0.1553389159962535,200
4002,5,41.53999733389355,0.3927627910161391,0.21139420801773667,200
3562,5,41.765443666954525,0.1919774169800803,0.20048762497026473,200
3121,5,41.8222552499501,0.17376733396667987,0.21389950008597225,200
1160,5,41.87830449989997,0.1860407090280205,0.2129335419740528,200
786,5,41.93402379192412,0.19388187502045184,0.2574424589984119,200
4751,5,41.989758708979934,0.158322999952361,0.20792412501759827,200
92,5,42.045967084006406,0.21271787490695715,0.162425082991831,200
5544,5,42.1026986669749,0.20631962502375245,0.19988400000147521,200
1539,5,42.1593729169108,0.16825049999170005,0.22576683398801833,200
3974,5,42.27280116698239,0.18001974991057068,0.27563150005880743,200
5100,5,42.216094333911315,0.27413908299058676,0.257330666994676,200
5097,5,42.328938749968074,0.19335891702212393,0.26332374999765307,200
2492,5,42.38564970891457,0.1723352080443874,0.25652987498324364,200
1712,5,42.44240412500221,0.1676380418939516,0.2931557080009952,200
1,5,42.49885454191826,0.18176670803222805,0.23898212506901473,200
2151,5,42.55557245889213,0.2421953750308603,0.24521320790518075,200
473,5,42.668193083954975,0.14278762496542186,0.21420245908666402,200
2221,5,42.61148312489968,0.2386572090908885,0.28271187492646277,200
1077,5,42.72437558392994,0.2094557910459116,0.23264716600533575,200
5442,5,42.7810577088967,0.17967208300251514,0.25747191603295505,200
4981,5,42.837762041948736,0.19273100001737475,0.2788232919992879,200
4219,5,42.894533541984856,0.20776879193726927,0.28317087492905557,200
4631,5,42.951154916896485,0.17425987508613616,0.2697469999548048,200
5056,5,43.0072441669181,0.23020370805170387,0.20808300003409386,200
3299,5,43.06397558399476,0.18064991594292223,0.25181795901153237,200
3420,5,43.17731699999422,0.16169566696044058,0.2424974589375779,200
332,5,43.12062366690952,0.2364844169933349,0.2691078750649467,200
4998,5,43.23405229195487,0.17498716700356454,0.27271804108750075,200
3567,5,43.29037195898127,0.16514866601210088,0.25828874995931983,200
2429,5,43.4036042499356,0.19117804197594523,0.27661395794712007,200
2093,5,43.346784916939214,0.33344283304177225,0.24368499999400228,200
2589,5,43.515433666994795,0.16855045792181045,0.2699564580107108,200
1386,5,43.45960479194764,0.22707020805682987,0.22082879196386784,200
674,5,43.6878924589837,0.2130427910014987,0.2777570409234613,200
3282,5,43.628709166892804,0.2820725420024246,0.2709281670395285,200
2735,5,43.85813995893113,0.1717197080142796,0.1761776669882238,200
1636,5,43.801463916897774,0.29150504199787974,0.20582845900207758,200
4623,5,43.9139555839356,0.18942229100503027,0.22867737500928342,200
2655,5,43.74465374997817,0.3686489589745179,0.28820720803923905,200
2714,5,43.97056558390614,0.17203783302102238,0.2827149999793619,200
4500,5,43.57215420890134,0.594891166081652,0.23177758301608264,200
480,5,44.08589783392381,0.2376620409777388,0.17309958289843053,200
1835,5,44.143655916908756,0.18978925002738833,0.11258499999530613,200
3870,5,44.19995699997526,0.17561004194431007,0.10506058402825147,200
261,5,44.029126874986105,0.3696535839699209,0.12648233294021338,200
1524,5,44.313998833997175,0.15267529094126076,0.19936645904090255,200
1340,5,44.257007416919805,0.2390347080072388,0.1521514159394428,200
1736,5,44.37073729198892,0.1681163749890402,0.22716633300296962,200
12,5,44.4275273749372,0.216984250000678,0.25937045796308666,200
2194,5,44.540984083898365,0.22436425008345395,0.20637291704770178,200
1415,5,44.597772749955766,0.2234659999376163,0.22116554097738117,200
2397,5,44.65440120897256,0.17296666593756527,0.25421520904637873,200
2108,5,44.48374174989294,0.40882437501568347,0.15922220796346664,200
4451,5,44.71126958390232,0.2889460410224274,0.24331249995157123,200
2676,5,44.82394554198254,0.17891704197973013,0.2831458749715239,200
2046,5,44.768127999966964,0.23846412496641278,0.2707185000181198,200
5142,5,44.87979033391457,0.1832477500429377,0.2342968339798972,200
2853,5,44.93642383394763,0.20472062495537102,0.16850170900579542,200
5573,5,45.05839766690042,0.19092766707763076,0.22976720798760653,200
3450,5,44.99317395896651,0.25960724998731166,0.17085833300370723,200
5207,5,45.11508816690184,0.22599004209041595,0.22101620805915445,200
2780,5,45.17183716699947,0.18366804195102304,0.17004583298694342,200
745,5,45.22854754189029,0.15236508310772479,0.22445458301808685,200
2825,5,45.28592737496365,0.17576849996112287,0.27822137507610023,200
5134,5,45.3430208748905,0.17882945900782943,0.2794431250076741,200
2227,5,45.400084499968216,0.21958187501877546,0.25764758395962417,200
1008,5,45.45658666698728,0.17468870792072266,0.20591016695834696,200
3715,5,45.51272912498098,0.1479035000083968,0.2586059579625726,200
5233,5,45.62559254199732,0.17710049997549504,0.26875783398281783,200
4679,5,45.56946916691959,0.2394127920269966,0.22658883302938193,200
587,5,45.682341624982655,0.1783201249781996,0.29925141599960625,200
190,5,45.73810624994803,0.24229462502989918,0.27521616604644805,200
2720,5,45.79489758389536,0.23688691610004753,0.2718306250171736,200
2854,5,45.85134162497707,0.21917187492363155,0.23014608293306082,200
1810,5,45.90770199999679,0.22518374992068857,0.275630958029069,200
1530,5,45.96401941694785,0.2025478750001639,0.302277332986705,200
422,5,46.020120417000726,0.2525807499187067,0.21595874999184161,200
4445,5,46.1346251249779,0.1637544590048492,0.27305695903487504,200
2975,5,46.07637170900125,0.2275478329975158,0.2662940000882372,200
5062,5,46.19111229199916,0.18889712495729327,0.20922587509267032,200
3660,5,46.24786108394619,0.21008462505415082,0.21501979092136025,200
4255,5,46.30493458395358,0.15987429104279727,0.2335967499529943,200
1844,5,46.41815924993716,0.1846694169798866,0.2504925000248477,200
3277,5,46.36132279189769,0.25268287502694875,0.22685979201924056,200
3013,5,46.47490095894318,0.1787693330552429,0.20097404101397842,200
4017,5,46.5318654589355,0.17839558306150138,0.23248445894569159,200
1420,5,46.58858999994118,0.1821125840069726,0.28374270803760737,200
698,5,46.64501462492626,0.17775787506252527,0.2634752499870956,200
3686,5,46.70110362500418,0.2125963339349255,0.2417434579692781,200
2284,5,46.75782933400478,0.19840399990789592,0.29202000005170703,200
4501,5,46.8145423339447,0.17438545799814165,0.21086670795921236,200
3332,5,46.87125466694124,0.19528191699646413,0.25600454199593514,200
484,5,46.92735929193441,0.20377254206687212,0.2728623750153929,200
4820,5,46.984120124951005,0.1743406669702381,0.2726858750684187,200
4374,5,47.04087508399971,0.21791454090271145,0.26922175008803606,200
1308,5,47.09762995899655,0.17071079090237617,0.2735914170043543,200
3410,5,47.210354666924104,0.22287754202261567,0.252884165965952,200
3942,5,47.26691337500233,0.1702519590035081,0.27654712507501245,200
4979,5,47.15365174994804,0.33032716694287956,0.23930916597601026,200
1683,5,47.323567708954215,0.19241662498097867,0.25538041698746383,200
843,5,47.37942991696764,0.2363072499865666,0.2474589169723913,200
2544,5,47.43512733397074,0.1909273749915883,0.2754068340873346,200
3467,5,47.491524374927394,0.24329875002149493,0.23131637496408075,200
1117,5,47.548194083967246,0.23536808299832046,0.2785391249926761,200
3461,5,47.60483979189303,0.22547470801509917,0.17064208397641778,200
57,5,47.66155829199124,0.22011279198341072,0.22365504095796496,200
2650,5,47.71802658389788,0.17996495810803026,0.23267412499990314,200
5450,5,48.112482041935436,0.5984553750604391,0.22978008294012398,200
2984,5,47.77472924999893,0.9376777498982847,0.25558979099150747,200
1122,5,47.998990208958276,0.7575818749610335,0.21453912497963756,200
3234,5,47.94319070898928,0.8161592909600586,0.20723258308134973,200
4782,5,48.05567924992647,0.7052595840068534,0.2244430419523269,200
3552,5,47.831315416959114,0.9840312920277938,0.21429091598838568,200
283,5,47.88728295895271,0.9302002909826115,0.26044416695367545,200
1228,5,48.76845787500497,0.33424954197835177,0.05544904095586389,200
1168,5,48.712011708994396,0.3935591659974307,0.00036516599357128143,200
1696,5,48.881557249929756,0.22649749997071922,0.12092104100156575,200
272,5,48.93816145893652,0.17898754100315273,0.17654058302287012,200
4218,5,48.994826833950356,0.15636625001206994,0.17825979099143296,200
4598,5,48.824890749994665,0.3302672089776024,0.06700720801018178,200
438,5,49.05111579189543,0.1849068331066519,0.23259933292865753,200
4560,5,48.16924870898947,1.101019790978171,0.2702687500277534,200
2260,5,49.16383133397903,0.21147341595496982,0.05708524992223829,200
4319,5,49.219741083914414,0.18280066607985646,0.11075591598637402,200
660,5,49.27592170890421,0.20519312506075948,0.1574711250141263,200
1901,5,49.332587916986085,0.18986829195637256,0.18057524994947016,200
4696,5,49.38890241691843,0.22729883308056742,0.23233145801350474,200
5454,5,49.44574966689106,0.17719887511339039,0.20846566697582603,200
2409,5,49.50254237500485,0.1792182499775663,0.2312587909400463,200
2059,5,49.559214083943516,0.23245150002185255,0.1831040419638157,200
4211,5,49.61746887490153,0.20066283410415053,0.2141304169781506,200
1087,5,49.731305458932184,0.14899504103232175,0.20766845892649144,200
799,5,49.67437241692096,0.23318308300804347,0.19192541600205004,200
350,5,49.787075666943565,0.2041779999854043,0.16968229098711163,200
3852,5,49.84382841689512,0.16800829209387302,0.21983929199632257,200
4713,5,49.95710362493992,0.17818749998696148,0.16453099995851517,200
2029,5,50.01276524993591,0.19481362495571375,0.19405287492554635,200
550,5,50.06936612492427,0.16955779201816767,0.1884739170782268,200
1943,5,49.90045895893127,0.4287897910689935,0.21722737501841038,200
292,5,50.12608399998862,0.21088525000959635,0.21808675001375377,200
5284,5,50.18284583394416,0.24932287505362183,0.19099691591691226,200
3220,5,49.10734470898751,1.3930634579155594,0.0030649579130113125,200
3291,5,50.24043658399023,0.2706433749990538,0.22820195800159127,200
2437,5,50.298140208935365,0.2589240410597995,0.16133262496441603,200
3541,5,50.35482820891775,0.24117570801172405,0.14578029105905443,200
5320,5,50.410700874985196,0.19017741701100022,0.1704013750422746,200
1436,5,50.46738499996718,0.19981899997219443,0.13693383301142603,200
3307,5,50.523558374959975,0.22877866693306714,0.18505570793058723,200
5210,5,50.58023754192982,0.18685449997428805,0.14681991608813405,200
2510,5,50.636923124897294,0.1691881250590086,0.1352112500462681,200
618,5,50.69347433396615,0.17409524996764958,0.18149645894300193,200
4020,5,50.750667416956276,0.20558816695120186,0.19222904101479799,200
2901,5,50.80742091697175,0.1582976250210777,0.2103043330134824,200
1330,5,50.8641659169225,0.22972129203844815,0.2622127500362694,200
3474,5,50.92030379199423,0.18459187494590878,0.2518165409564972,200
3819,5,51.03362062491942,0.24026595905888826,0.26517554197926074,200
1629,5,51.09029404190369,0.1924784170696512,0.2830061659915373,200
1997,5,51.14699183392804,0.15795695804990828,0.277887791977264,200
1492,5,51.203712999937125,0.23050504201091826,0.24651375005487353,200
1059,5,50.97703416692093,0.4864547500619665,0.2233227080432698,200
3084,5,51.31666645896621,0.18829345796257257,0.22169108304660767,200
2074,5,51.260271916980855,0.2627347079105675,0.2937540829880163,200
1566,5,51.372787958942354,0.2395765830297023,0.2667430000146851,200
4513,5,51.429651749902405,0.221061542048119,0.15463174995966256,200
5451,5,51.48574745899532,0.2269211249658838,0.20085808297153562,200
4336,5,51.5424023339292,0.18459354096557945,0.2366926659597084,200
2148,5,51.59908987500239,0.24935158400330693,0.16369358403608203,200
1331,5,51.71466508391313,0.19451979105360806,0.2080975000280887,200
1425,5,51.65502537495922,0.29925004194956273,0.1904144580475986,200
1032,5,51.77130733395461,0.19546808302402496,0.2471908750012517,200
870,5,51.82810720894486,0.22094845795072615,0.21394354198127985,200
920,5,51.88476941699628,0.2078947079135105,0.23232233303133398,200
4142,5,51.99720866698772,0.18445083301048726,0.2691173340426758,200
4507,5,51.94146141689271,0.25518220802769065,0.226950875017792,200
2889,5,52.05322437500581,0.19394633395131677,0.20393149997107685,200
888,5,52.110014542005956,0.18293033295776695,0.1991636250168085,200
396,5,52.16601145896129,0.2333764999639243,0.21103833289816976,200
1226,5,52.22178654198069,0.20820420794188976,0.25407783302944154,200
2294,5,52.27849883399904,0.18781066592782736,0.2284467499703169,200
3331,5,52.39103566692211,0.15843487507663667,0.2080643749795854,200
205,5,52.33433041698299,0.2486235830001533,0.23990112508181483,200
2307,5,52.447695999988355,0.1810752919409424,0.2502525000600144,200
2913,5,52.50340183393564,0.19828291598241776,0.2545049999607727,200
3839,5,52.61675874993671,0.15365487500093877,0.21608716691844165,200
4339,5,52.56002312491182,0.2862319169798866,0.2659635419258848,200
3266,5,52.67315416689962,0.22181250003632158,0.24178958300035447,200
192,5,52.72989195899572,0.16987783298827708,0.26273270894307643,200
1310,5,52.78655474993866,0.18372900004033,0.23543854104354978,200
1324,5,52.84242187498603,0.2512159999459982,0.257804416003637,200
5322,5,52.898742874967866,0.20911895902827382,0.2684840830042958,200
1144,5,52.95461662497837,0.18014299997594208,0.2506875420222059,200
36,5,53.010984499938786,0.2083025419851765,0.23956329096108675,200
5223,5,53.067682041903026,0.2176389170344919,0.22000958304852247,200
1948,5,53.124429458985105,0.2761986249824986,0.2284987079910934,200
2122,5,53.18108891695738,0.23934341699350625,0.2805241249734536,200
4929,5,53.23782358400058,0.22975991596467793,0.2668579170713201,200
2439,5,53.35120679193642,0.16349829197861254,0.24191891693044454,200
3548,5,53.46359699999448,0.15942012495361269,0.24312158406246454,200
1958,5,53.40746420889627,0.2222596660722047,0.271327874972485,200
5048,5,53.29438674997073,0.36283508397173136,0.1996137499809265,200
2304,5,53.57644820900168,0.2472268329001963,0.17438645893707871,200
3868,5,53.68801037489902,0.1650261670583859,0.21931354189291596,200
4055,5,53.63222412497271,0.2535702920285985,0.21122391696553677,200
1751,5,53.51972487499006,0.38337474991567433,0.2335325829917565,200
258,5,53.74479766690638,0.23793437506537884,0.2290978339733556,200
2956,5,53.801533541991375,0.19548024993855506,0.17740754201076925,200
358,5,53.857524499995634,0.17964045889675617,0.2263546249596402,200
874,5,53.914222416933626,0.15680008300114423,0.25570829201024026,200
937,5,53.970047708950005,0.16754933295305818,0.14511216699611396,200
1470,5,54.02678945893422,0.25282933306880295,0.17219237505923957,200
4160,5,54.08253308397252,0.22792641597334296,0.19514183304272592,200
2914,5,54.139087666990235,0.21855108300223947,0.23504291707649827,200
3347,5,54.19600058393553,0.24009683297481388,0.21157533302903175,200
4774,5,54.30959445890039,0.16299545799847692,0.2714573750272393,200
3967,5,54.25271620892454,0.24403925007209182,0.2546569579280913,200
3402,5,54.36537283391226,0.20804637507535517,0.2933588329469785,200
2597,5,54.47841758397408,0.1831477499799803,0.19681345799472183,200
2287,5,54.42216920899227,0.28469987493008375,0.28322170802857727,200
4003,5,54.53513054200448,0.26348237495403737,0.2235236669657752,200
4567,5,54.647994874976575,0.18845474999397993,0.2106757080182433,200
3382,5,54.5912853339687,0.3079069579252973,0.23210587503854185,200
4813,5,54.70551674999297,0.20896758395247161,0.23211354203522205,200
4409,5,54.7621876669582,0.19675670797005296,0.26393537502735853,200
3879,5,54.817969083902426,0.23021775006782264,0.24324470898136497,200
1480,5,54.874644416966476,0.17657704197335988,0.21203670790418983,200
3760,5,54.93135608395096,0.20026454096660018,0.222772957989946,200
3584,5,54.98792049998883,0.22846825001761317,0.18779204098973423,200
4404,5,55.0446744998917,0.1974672090727836,0.20683387503959239,200
295,5,55.10151033394504,0.1576571660116315,0.20066537510138005,200
4924,5,55.27123758394737,0.16333670797757804,0.2214755000313744,200
2114,5,55.214543249923736,0.2466312920441851,0.2543453749967739,200
2119,5,55.327971749939024,0.17134112503845245,0.2757417910033837,200
4725,5,55.38476216699928,0.17563724995125085,0.25204495794605464,200
2303,5,55.49676866689697,0.16496441699564457,0.25352000002749264,200
4151,5,55.44070841697976,0.23025749996304512,0.22330266702920198,200
2068,5,55.15804683393799,0.5620802500052378,0.24224233301356435,200
969,5,55.55362324998714,0.1954711249563843,0.29328258405439556,200
1644,5,55.61044049996417,0.1540549169294536,0.17442066594958305,200
1437,5,55.72738762490917,0.16443695907946676,0.22727391705848277,200
22,5,55.666428124997765,0.2768264169571921,0.20445016701705754,200
2643,5,55.783308291924186,0.19178624998312443,0.22190304193645716,200
3206,5,55.895992624922656,0.18644162500277162,0.22433041606564075,200
5113,5,55.83995299995877,0.2812669590348378,0.17656491696834564,200
5018,5,55.95230566698592,0.21487941697705537,0.22509841702412814,200
1177,5,56.00899370899424,0.17340391594916582,0.258367000031285,200
1148,5,56.064854249940254,0.16303687496110797,0.2996707499260083,200
824,5,56.122996374964714,0.19976879202295095,0.23002474999520928,200
1106,5,56.17972287489101,0.17658975010272115,0.23547033302020282,200
4212,5,56.236138916923665,0.172186000039801,0.2597280408954248,200
2031,5,56.348724749987014,0.1587046249769628,0.2258354580262676,200
3256,5,56.292872291989625,0.2272088750032708,0.20964725001249462,200
2867,5,56.40497641696129,0.24199799995403737,0.23652462498284876,200
1325,5,56.46088695898652,0.2124399159802124,0.2776145829120651,200
638,5,56.51658349996433,0.2184194999281317,0.2872495419578627,200
3330,5,56.57336304197088,0.21198020793963224,0.24894233304075897,200
1816,5,56.630093749961816,0.21479224995709956,0.27266166696790606,200
4914,5,56.686991499969736,0.17822333402000368,0.27728737494908273,200
4714,5,56.743493083980866,0.21253499994054437,0.2349611249519512,200
1434,5,56.85526395891793,0.1773790830047801,0.20702774997334927,200
3109,5,56.96841424994636,0.17274608404841274,0.23215283395256847,200
52,5,56.912057583918795,0.2814309580717236,0.23753895796835423,200
1176,5,57.02488724992145,0.18182812503073364,0.23827108298428357,200
966,5,57.08113229193259,0.18105187499895692,0.23426087491679937,200
750,5,57.137881416943856,0.20448479196056724,0.27100662502925843,200
4829,5,56.79937729192898,0.5571106249699369,0.27817420789506286,200
4801,5,57.194766541942954,0.18992879195138812,0.23748845793306828,200
4268,5,57.251531666959636,0.18178162502590567,0.21736537502147257,200
5061,5,57.30825558397919,0.21075279102660716,0.16599308291915804,200
2360,5,57.364549916936085,0.1762695419602096,0.1699340419145301,200
1504,5,57.478080291999504,0.18565545789897442,0.21434270800091326,200
2432,5,57.421350458986126,0.24421829101629555,0.2134479999076575,200
1611,5,57.53477174998261,0.2556591669563204,0.19058454199694097,200
4241,5,57.64836408395786,0.24227874993812293,0.26274333405308425,200
1468,5,57.70508379198145,0.18952683301176876,0.27016291697509587,200
3507,5,57.761273333919235,0.17408904107287526,0.2405654580798,200
2325,5,57.591587791917846,0.41208095801994205,0.2343352499883622,200
2574,5,57.81796629191376,0.1964066670043394,0.27590541704557836,200
2007,5,57.931460166932084,0.1822641670005396,0.26519024989102036,200
1037,5,57.87475362489931,0.27829887508414686,0.2098137920256704,200
2717,5,57.98827024991624,0.24687583406921476,0.19701833301223814,200
998,5,58.04445108398795,0.19332474994007498,0.1525929169729352,200
4019,5,58.101117666927166,0.18109316704794765,0.20562224998138845,200
1455,5,58.15715704194736,0.2123464170144871,0.2209615419851616,200
1259,5,58.21297937491909,0.2386595840798691,0.20777870796155185,200
683,5,58.26899562496692,0.18867874995339662,0.25389337493106723,200
15,5,58.325501166982576,0.17412550002336502,0.20995312498416752,200
1698,5,58.38211733393837,0.18865104101132601,0.22746275004465133,200
2219,5,58.55162849999033,0.15631462493911386,0.26843520801048726,200
95,5,58.43890270893462,0.27928204101044685,0.20245562493801117,200
3860,5,58.49557695898693,0.22941912501119077,0.25651945802383125,200
2947,5,58.60838795895688,0.17966812499798834,0.23796854203101248,200
751,5,58.664137208950706,0.18941091594751924,0.21104858291801065,200
1731,5,58.72019633394666,0.2161967910360545,0.261361249955371,200
3832,5,58.7769754169276,0.1773592079989612,0.2760236250469461,200
1994,5,58.88915729196742,0.18228041694965214,0.18010058300569654,200
3956,5,58.83341608394403,0.24562520801555365,0.2617735000094399,200
1884,5,58.94562649994623,0.19170712505001575,0.22556608298327774,200
1115,5,59.002304291934706,0.24485316697973758,0.27648433402646333,200
1475,5,59.05897033389192,0.20911737508140504,0.26966208301018924,200
4659,5,59.17100487498101,0.15966737491544336,0.2323897499591112,200
3171,5,59.114960333914496,0.235703791026026,0.25994224997702986,200
5507,5,59.227722791954875,0.1993947080336511,0.27232495800126344,200
2489,5,59.34124837489799,0.1689548750873655,0.26100283302366734,200
1432,5,59.2845448339358,0.24809904105495661,0.21248820901382715,200
4692,5,59.45467716699932,0.20340787491295487,0.20633270801045,200
581,5,59.51102799992077,0.15072320902254432,0.24198395805433393,200
4708,5,59.397972041973844,0.2741817500209436,0.2589037499856204,200
2261,5,59.567389959003776,0.16454329097177833,0.23521104198880494,200
1962,5,59.623707291902974,0.1727147080237046,0.27199637494049966,200
1207,5,59.68013862497173,0.18783895892556757,0.2517388330306858,200
5174,5,59.7360916249454,0.22888245899230242,0.22513312508817762,200
1040,5,59.84860462497454,0.16056491702329367,0.1893005829770118,200
2517,5,59.79199258389417,0.22074179106857628,0.25837787496857345,200
1598,5,59.90535954199731,0.21623754198662937,0.24233066593296826,200
2969,5,59.9620606249664,0.24117945902980864,0.2888880419777706,200
4966,5,60.01827187498566,0.2221328339073807,0.28493508393876255,200
1879,5,60.07433508394752,0.20493000000715256,0.27637937502004206,200
1445,5,60.130979874986224,0.264787666965276,0.2615088749444112,200
3251,5,60.24365249997936,0.1673597089247778,0.23321795801166445,200
2487,5,60.18773620889988,0.2791952081024647,0.2217485000146553,200
200,5,60.3003270420013,0.18520579196047038,0.2867751669837162,200
2103,5,60.3570665839361,0.19144941598642617,0.23485700006131083,200
4240,5,60.41275733395014,0.18647399998735636,0.20793454092927277,200
5118,5,60.46842829196248,0.2586653749458492,0.22742375009693205,200
67,5,60.52437062491663,0.21561370906420052,0.24419404100626707,200
377,5,60.58107512490824,0.23531020898371935,0.1845914589939639,200
656,5,60.69451108400244,0.2260796659393236,0.22621858399361372,200
563,5,60.63780737493653,0.3083236670354381,0.2255987919634208,200
4971,5,60.750656958902255,0.22211333306040615,0.26422562496736646,200
1341,5,60.807318583945744,0.1807112080277875,0.2577297909883782,200
1912,5,60.86323566699866,0.20962316694203764,0.26310295797884464,200
294,5,60.920042541925795,0.15792258305009454,0.19164583296515048,200
110,5,60.97579524992034,0.19072720897383988,0.23506162501871586,200
3025,5,61.03235458396375,0.24248024995904416,0.21518454200122505,200
2549,5,61.1455982089974,0.18204479094129056,0.19860279094427824,200
653,5,61.089057458913885,0.24551462498493493,0.16771612502634525,200
